set	n	len_med	len_iqr	phastcons_mean
HAR	2734	225.0	182.0	0.7861112645784776
CNE	7473	209.0	171.0	0.8501284514145879
